<metadata xml:lang="en"><Esri><CreaDate>20240410</CreaDate><CreaTime>14224300</CreaTime><SyncOnce>FALSE</SyncOnce><DataProperties><lineage><Process Name="Create Feature Class" ToolSource="C:\Program Files\ArcGIS\ArcToolbox\Toolboxes\Data Management Tools.tbx\CreateFeatureclass" Date="20060222" Time="155705" export="">CreateFeatureclass C:\ESRI\Help_Desk\Helen_Murphy Gardens.shp # EHS_Layer SAME_AS_TEMPLATE SAME_AS_TEMPLATE "PROJCS['Irish_National_Grid',GEOGCS['GCS_TM65',DATUM['D_TM65',SPHEROID['Airy_Modified',6377340.189,299.3249646]],PRIMEM['Greenwich',0.0],UNIT['Degree',0.0174532925199433]],PROJECTION['Transverse_Mercator'],PARAMETER['False_Easting',200000.0],PARAMETER['False_Northing',250000.0],PARAMETER['Central_Meridian',-8.0],PARAMETER['Scale_Factor',1.000035],PARAMETER['Latitude_Of_Origin',53.5],UNIT['Meter',1.0]];1115.092928 91502.092928 3906.249996;0.000000 1.000000;0.000000 1.000000" # 0 0 0 C:\ESRI\Help_Desk\Helen_Murphy\Gardens.shp</Process><Process Name="Append" ToolSource="C:\Program Files\ArcGIS\ArcToolbox\Toolboxes\Data Management Tools.tbx\Append" Date="20060222" Time="155705" export="">Append EHS_Layer C:\ESRI\Help_Desk\Helen_Murphy\Gardens.shp TEST C:\ESRI\Help_Desk\Helen_Murphy\Gardens.shp</Process><Process Name="FeatureClassToFeatureClass_1" ToolSource="C:\Program Files\ArcGIS\ArcToolbox\Toolboxes\Conversion Tools.tbx\FeatureClassToFeatureClass" Date="20060222" Time="155705" export="">FeatureClassToFeatureClass "Database Connections\Connection to ehsarcsde as ehs.sde\ehsgis.EHS.Built_Heritage\ehsgis.EHS.Gardens" C:\ESRI\Help_Desk\Helen_Murphy Gardens.shp # "MIAID MIAID VISIBLE;MIAPERIMTR MIAPERIMTR VISIBLE;MIAAREA MIAAREA VISIBLE;REF_NO REF_NO VISIBLE;SITE SITE VISIBLE;STATUS STATUS VISIBLE;CRITERIA CRITERIA VISIBLE;COUNCIL COUNCIL VISIBLE;CF_HB CF_HB VISIBLE;CF_SMR CF_SMR VISIBLE;SHAPE.area SHAPE.area VISIBLE;SHAPE.len SHAPE.len VISIBLE" SAME_AS_TEMPLATE SAME_AS_TEMPLATE # 0 C:\ESRI\Help_Desk\Helen_Murphy\Gardens.shp</Process><Process ToolSource="C:\Program Files\ArcGIS\ArcToolbox\Toolboxes\Conversion Tools.tbx\FeatureClassToFeatureClass" Date="20110511" Time="104400" Name="" export="">FeatureClassToFeatureClass C:\smr\hmurphy_misc.gdb\gardens_edit C:\smr gardens_may11.shp # "MIAID 'MIAID' true true false 8 Double 0 0 ,First,#,C:\smr\hmurphy_misc.gdb\gardens_edit,MIAID,-1,-1;MIAPERIMTR 'MIAPERIMTR' true true false 8 Double 0 0 ,First,#,C:\smr\hmurphy_misc.gdb\gardens_edit,MIAPERIMTR,-1,-1;MIAAREA 'MIAAREA' true true false 8 Double 0 0 ,First,#,C:\smr\hmurphy_misc.gdb\gardens_edit,MIAAREA,-1,-1;REF_NO 'REF_NO' true true false 10 Text 0 0 ,First,#,C:\smr\hmurphy_misc.gdb\gardens_edit,REF_NO,-1,-1;SITE 'SITE' true true false 50 Text 0 0 ,First,#,C:\smr\hmurphy_misc.gdb\gardens_edit,SITE,-1,-1;STATUS 'STATUS' true true false 50 Text 0 0 ,First,#,C:\smr\hmurphy_misc.gdb\gardens_edit,STATUS,-1,-1;CRITERIA 'CRITERIA' true true false 10 Text 0 0 ,First,#,C:\smr\hmurphy_misc.gdb\gardens_edit,CRITERIA,-1,-1;COUNCIL 'COUNCIL' true true false 50 Text 0 0 ,First,#,C:\smr\hmurphy_misc.gdb\gardens_edit,COUNCIL,-1,-1;CF_HB 'CF_HB' true true false 254 Text 0 0 ,First,#,C:\smr\hmurphy_misc.gdb\gardens_edit,CF_HB,-1,-1;CF_SMR 'CF_SMR' true true false 254 Text 0 0 ,First,#,C:\smr\hmurphy_misc.gdb\gardens_edit,CF_SMR,-1,-1;Shape_Leng 'Shape_Length' false true true 8 Double 0 0 ,First,#,C:\smr\hmurphy_misc.gdb\gardens_edit,Shape_Length,-1,-1;Shape_Area 'Shape_Area' false true true 8 Double 0 0 ,First,#,C:\smr\hmurphy_misc.gdb\gardens_edit,Shape_Area,-1,-1" # C:\smr\gardens_may11.shp</Process><Process ToolSource="c:\program files\arcgis\desktop10.0\ArcToolbox\Toolboxes\Data Management Tools.tbx\DeleteFeatures" Date="20120823" Time="090733" Name="" export="">DeleteFeatures "Database Connections\ehsgis2 - ehsgis - ehs (admin).sde\ehsgis.EHS.Gardens"</Process><Process ToolSource="c:\program files\arcgis\desktop10.0\ArcToolbox\Toolboxes\Data Management Tools.tbx\DeleteRows" Date="20121119" Time="130105" Name="" export="">DeleteRows "Database Connections\ehsgis2 - ehsgis - ehs (admin).sde\ehsgis.EHS.Gardens"</Process><Process Name="Copy Features (3)" ToolSource="c:\program files\arcgis\pro\Resources\ArcToolbox\toolboxes\Data Management Tools.tbx\CopyFeatures" Date="20240410" Time="165111">CopyFeatures Historic_Parks_and_Gardens "C:\Users\dfc-bamfordj\Desktop\Data\SMR updates\HED Updates\HED_update_data.gdb\Historic_Parks_and_Gardens20240410" # # # #</Process><Process ToolSource="c:\program files\arcgis\pro\Resources\ArcToolbox\toolboxes\Data Management Tools.tbx\CopyFeatures" Date="20240410" Time="165113">CopyFeatures "C:\Users\dfc-bamfordj\Desktop\Data\SMR updates\HED Updates\HED_update_data.gdb\Historic_Parks_and_Gardens20240410" "C:\Users\dfc-bamfordj\Desktop\Data\SMR updates\HED Updates\Historic Parks and Gardens\Historic_Parks_and_Gardens20240410.shp" # # # #</Process></lineage><itemProps><itemLocation><linkage Sync="TRUE">file://\\ESS115811\C$\Users\dfc-bamfordj\Desktop\Data\SMR updates\HED Updates\Historic Parks and Gardens\Historic_Parks_and_Gardens20240410.shp</linkage><protocol Sync="TRUE">Local Area Network</protocol></itemLocation><itemName Sync="TRUE">Historic_Parks_and_Gardens20240410</itemName><imsContentType Sync="TRUE">002</imsContentType><nativeExtBox><westBL Sync="TRUE">199793.026400</westBL><eastBL Sync="TRUE">362869.000000</eastBL><southBL Sync="TRUE">314213.921800</southBL><northBL Sync="TRUE">451145.196800</northBL><exTypeCode Sync="TRUE">1</exTypeCode></nativeExtBox><itemSize Sync="TRUE">0.000</itemSize></itemProps><coordRef><type Sync="TRUE">Projected</type><geogcsn Sync="TRUE">GCS_TM65</geogcsn><csUnits Sync="TRUE">Linear Unit: Meter (1.000000)</csUnits><projcsn Sync="TRUE">TM65_Irish_Grid</projcsn><peXml Sync="TRUE">&lt;ProjectedCoordinateSystem xsi:type='typens:ProjectedCoordinateSystem' xmlns:xsi='http://www.w3.org/2001/XMLSchema-instance' xmlns:xs='http://www.w3.org/2001/XMLSchema' xmlns:typens='http://www.esri.com/schemas/ArcGIS/2.4.0'&gt;&lt;WKT&gt;PROJCS[&amp;quot;TM65_Irish_Grid&amp;quot;,GEOGCS[&amp;quot;GCS_TM65&amp;quot;,DATUM[&amp;quot;D_TM65&amp;quot;,SPHEROID[&amp;quot;Airy_Modified&amp;quot;,6377340.189,299.3249646]],PRIMEM[&amp;quot;Greenwich&amp;quot;,0.0],UNIT[&amp;quot;Degree&amp;quot;,0.0174532925199433]],PROJECTION[&amp;quot;Transverse_Mercator&amp;quot;],PARAMETER[&amp;quot;False_Easting&amp;quot;,200000.0],PARAMETER[&amp;quot;False_Northing&amp;quot;,250000.0],PARAMETER[&amp;quot;Central_Meridian&amp;quot;,-8.0],PARAMETER[&amp;quot;Scale_Factor&amp;quot;,1.000035],PARAMETER[&amp;quot;Latitude_Of_Origin&amp;quot;,53.5],UNIT[&amp;quot;Meter&amp;quot;,1.0],AUTHORITY[&amp;quot;EPSG&amp;quot;,29902]]&lt;/WKT&gt;&lt;XOrigin&gt;-5422600&lt;/XOrigin&gt;&lt;YOrigin&gt;-15681100&lt;/YOrigin&gt;&lt;XYScale&gt;450301423.55198777&lt;/XYScale&gt;&lt;ZOrigin&gt;-100000&lt;/ZOrigin&gt;&lt;ZScale&gt;10000&lt;/ZScale&gt;&lt;MOrigin&gt;-100000&lt;/MOrigin&gt;&lt;MScale&gt;10000&lt;/MScale&gt;&lt;XYTolerance&gt;0.001&lt;/XYTolerance&gt;&lt;ZTolerance&gt;0.001&lt;/ZTolerance&gt;&lt;MTolerance&gt;0.001&lt;/MTolerance&gt;&lt;HighPrecision&gt;true&lt;/HighPrecision&gt;&lt;WKID&gt;29900&lt;/WKID&gt;&lt;LatestWKID&gt;29902&lt;/LatestWKID&gt;&lt;/ProjectedCoordinateSystem&gt;</peXml></coordRef></DataProperties><SyncDate>20240410</SyncDate><SyncTime>16511300</SyncTime><ModDate>20240410</ModDate><ModTime>16511300</ModTime><ArcGISFormat>1.0</ArcGISFormat><scaleRange><minScale>150000000</minScale><maxScale>5000</maxScale></scaleRange><ArcGISProfile>ItemDescription</ArcGISProfile></Esri><idinfo><citation><citeinfo><onlink Sync="TRUE">\\tiuklongisapp\e$\gisdata\DATAMIGRATION\13042016\HED.gdb</onlink><origin>NIEA: Built Heritage</origin><pubdate>01/05/2009</pubdate><title Sync="TRUE">Historic Parks and Gardens</title><ftname Sync="TRUE">ehsgis.EHS.Gardens</ftname><geoform Sync="TRUE">vector digital data</geoform></citeinfo></citation><native Sync="TRUE">Microsoft Windows XP Version 5.1 (Build 2600) Service Pack 3; ESRI ArcCatalog 9.3.1.3000</native><descript><langdata Sync="TRUE">en</langdata><abstract>This is a polygon dataset showing the designated boundaries of sites listed in the Register of Historic Parks, Gardens and Demesnes</abstract><purpose>A polygon data set showing the boundaries of protected historic parks, gardens and demenses in Northern Ireland.</purpose></descript><timeperd><current>ground condition</current><timeinfo><sngdate><caldate>2009</caldate></sngdate></timeinfo></timeperd><status><progress>In work</progress><update>As needed</update></status><spdom><bounding><westbc Sync="TRUE">-7.991438</westbc><eastbc Sync="TRUE">-5.436490</eastbc><northbc Sync="TRUE">55.307194</northbc><southbc Sync="TRUE">54.051275</southbc></bounding><lboundng><leftbc Sync="TRUE">200560.360100</leftbc><rightbc Sync="TRUE">362869.000000</rightbc><bottombc Sync="TRUE">314214.461200</bottombc><topbc Sync="TRUE">451145.250000</topbc></lboundng></spdom><keywords><theme><themekt>REQUIRED: Reference to a formally registered thesaurus or a similar authoritative source of theme keywords.</themekt><themekey>Designed Landscapes</themekey><themekey>Gardens</themekey><themekey>Parks</themekey><themekey>Demesnes</themekey></theme></keywords><accconst>REQUIRED: Restrictions and legal prerequisites for accessing the data set.</accconst><useconst>Read Only</useconst><natvform Sync="TRUE">SDE Feature Class</natvform><ptcontac><cntinfo><cntaddr><address>Waterman House</address><addrtype>mailing and physical address</addrtype><address>5-33 Hill Street</address><city>Belfast</city><state>N.Ireland</state><postal>BT1 2LA</postal><country>UK</country></cntaddr><cntorgp><cntorg>NIEA; Built Heritage</cntorg><cntper>Helen Murphy</cntper></cntorgp><cntvoice>0044 2890 543137</cntvoice><cntemail>helen.murphy@doeni.gov.uk</cntemail></cntinfo></ptcontac><secinfo><secclass>Unclassified</secclass></secinfo></idinfo><distInfo><distributor><distorTran><onLineSrc><protocol Sync="TRUE">Local Area Network</protocol><orDesc Sync="TRUE">002</orDesc><orFunct><OnFunctCd value="001"/></orFunct><linkage Sync="TRUE">file://\\tiuklongisapp\e$\gisdata\DATAMIGRATION\13042016\HED.gdb</linkage></onLineSrc><transSize Sync="TRUE">0.400</transSize><offLineMed><medName><MedNameCd value="001"/></medName></offLineMed></distorTran><distorFormat><formatName Sync="TRUE">SDE Feature Class</formatName><formatVer>ARCGIS 9.2</formatVer></distorFormat><distorCont><rpOrgName>NIEA</rpOrgName><rpIndName>Rhonda Robinson</rpIndName><rpPosName>Senior Inspector</rpPosName><rpCntInfo><cntAddress><delPoint>5-33 Hill St</delPoint><city>Belfast</city><country>gb</country><adminArea>Antrim</adminArea><postCode>BT1 2LA</postCode><eMailAdd>rhonda.robinson@doeni.gov.uk</eMailAdd></cntAddress></rpCntInfo><role><RoleCd value="005"/></role></distorCont></distributor><distFormat><formatName Sync="TRUE">Shapefile</formatName></distFormat><distTranOps><transSize Sync="TRUE">0.000</transSize></distTranOps></distInfo><dataqual><lineage><procstep><procdesc Sync="TRUE">Dataset copied.</procdesc><srcused Sync="TRUE">S:\SMR data\Built Heritage\Gardens</srcused><date Sync="TRUE">20060726</date><time Sync="TRUE">10360400</time></procstep><procstep><procdesc Sync="TRUE">Dataset copied.</procdesc><srcused Sync="TRUE">S:\GIS Data\Gardens</srcused><procdate Sync="TRUE">20100802</procdate><proctime Sync="TRUE">10202700</proctime></procstep><procstep><procdesc Sync="TRUE">Dataset copied.</procdesc><srcused Sync="TRUE"/><procdate Sync="TRUE">20110110</procdate><proctime Sync="TRUE">16421700</proctime></procstep><procstep><procdesc Sync="TRUE">Metadata imported.</procdesc><srcused Sync="TRUE">D:\HelpDesk\Helen_Murphy\Gardens\gardens_may11_metadata.xml</srcused><procdate Sync="TRUE">20110524</procdate><proctime Sync="TRUE">09450100</proctime></procstep><procstep><procdesc Sync="TRUE">Dataset copied.</procdesc><srcused Sync="TRUE">Service=sde:sqlserver:ehsgis2; Database=ehsgis; User=ehs; Version=sde.DEFAULT</srcused><date Sync="TRUE">20160413</date><time Sync="TRUE">11255000</time></procstep></lineage></dataqual><dataIdInfo><envirDesc Sync="TRUE">Microsoft Windows 10 Version 10.0 (Build 22631) ; Esri ArcGIS 12.4.0.19948</envirDesc><dataLang><languageCode Sync="FALSE" value="en"/><countryCode value="GBR" Sync="TRUE"/></dataLang><idCitation><resTitle Sync="FALSE">Historic Parks and Gardens</resTitle><presForm><PresFormCd Sync="TRUE" value="005"/></presForm><resEd>may 2011</resEd><resAltTitle Sync="TRUE">Register of Historic Parks, Gardens and Demesnes</resAltTitle><resEdDate>20110511</resEdDate><resRefDate><refDateType><DateTypCd value="001"/></refDateType><refDate>19970901</refDate></resRefDate><citRespParty><rpIndName>Rhonda Robinson</rpIndName><rpOrgName>NIEA</rpOrgName><rpPosName>Senior Inspector</rpPosName><rpCntInfo><cntAddress><delPoint>5-33 Hill St</delPoint><city>Belfast</city><adminArea>Antrim</adminArea><postCode>BT1 2LA</postCode><eMailAdd>rhonda.robinson@doeni.gov.uk</eMailAdd><country>gb</country></cntAddress></rpCntInfo><role><RoleCd value="007"/></role></citRespParty><resRefDate><refDateType><DateTypCd value="002"/></refDateType><refDate>20110511</refDate></resRefDate><resRefDate><refDateType><DateTypCd value="003"/></refDateType><refDate>20110511</refDate></resRefDate><citRespParty><rpIndName>Rhonda Robinson</rpIndName><rpOrgName>NIEA</rpOrgName><rpPosName>Senior Inspector</rpPosName><rpCntInfo><cntAddress><delPoint>5-33 Hill St</delPoint><city>Belfast</city><country>gb</country><adminArea>Antrim</adminArea><postCode>BT1 2LA</postCode><eMailAdd>rhonda.robinson@doeni.gov.uk</eMailAdd></cntAddress></rpCntInfo><role><RoleCd value="010"/></role></citRespParty><citId><identCode Sync="TRUE">HPAG</identCode><identCodeSpace Sync="TRUE">Gardens</identCodeSpace></citId></idCitation><spatRpType><SpatRepTypCd Sync="TRUE" value="001"/></spatRpType><serType><LocalName>000</LocalName></serType><idPoC><rpIndName>Rhonda Robinson</rpIndName><rpOrgName>NIEA</rpOrgName><rpPosName>Senior Inspector</rpPosName><rpCntInfo><cntAddress><delPoint>5-33 Hill St</delPoint><city>Belfast</city><adminArea>Antrim</adminArea><postCode>BT1 2LA</postCode><eMailAdd>rhonda.robinson@doeni.gov.uk</eMailAdd><country>gb</country></cntAddress></rpCntInfo><role><RoleCd value="007"/></role></idPoC><resMaint><maintFreq><MaintFreqCd value="009"/></maintFreq></resMaint><idPoC><rpIndName>Rhonda Robinson</rpIndName><rpOrgName>NIEA</rpOrgName><rpPosName>Senior Inspector</rpPosName><rpCntInfo><cntAddress><delPoint>5-33 Hill St</delPoint><city>Belfast</city><country>gb</country><adminArea>Antrim</adminArea><postCode>BT1 2LA</postCode><eMailAdd>rhonda.robinson@doeni.gov.uk</eMailAdd></cntAddress></rpCntInfo><role><RoleCd value="010"/></role></idPoC><dataScale><equScale><rfDenom>10:000</rfDenom></equScale></dataScale><idAbs>&lt;DIV STYLE="text-align:Left;"&gt;&lt;DIV&gt;&lt;P&gt;&lt;SPAN&gt;This is a polygon dataset showing the designated boundaries of sites listed in the Register of Historic Parks, Gardens and Demesnes&lt;/SPAN&gt;&lt;/P&gt;&lt;/DIV&gt;&lt;/DIV&gt;</idAbs><geoBox esriExtentType="decdegrees"><northBL Sync="TRUE">55.307194</northBL><eastBL Sync="TRUE">-5.43649</eastBL><southBL Sync="TRUE">54.051275</southBL><westBL Sync="TRUE">-7.991438</westBL><exTypeCode Sync="TRUE">1</exTypeCode></geoBox><resConst><LegConsts><othConsts Sync="TRUE">no limitations</othConsts></LegConsts></resConst><resConst><Consts><useLimit>&lt;DIV STYLE="text-align:Left;"&gt;&lt;DIV&gt;&lt;P&gt;&lt;SPAN&gt;no conditions apply&lt;/SPAN&gt;&lt;/P&gt;&lt;/DIV&gt;&lt;/DIV&gt;</useLimit></Consts></resConst><descKeys KeyTypCd="005"><keyTyp><KeyTypCd value="005"/></keyTyp><thesaName><resTitle>GEMET - INSPIRE themes, version 1.0</resTitle><resRefDate><refDate>20080601</refDate><refDateType><DateTypCd value="002"/></refDateType></resRefDate></thesaName><keyword Sync="TRUE">Area management/restriction/regulation zones and reporting units</keyword></descKeys><dataExt><geoEle><GeoBndBox esriExtentType="native"><westBL Sync="TRUE">200560.3601</westBL><eastBL Sync="TRUE">362869</eastBL><northBL Sync="TRUE">451145.25</northBL><southBL Sync="TRUE">314214.4612</southBL><exTypeCode Sync="TRUE">1</exTypeCode></GeoBndBox></geoEle></dataExt><idPoC Sync="TRUE"><rpIndName Sync="TRUE">Rhonda Robinson</rpIndName><rpOrgName Sync="TRUE">NIEA</rpOrgName><rpPosName Sync="TRUE">Senior Inspector</rpPosName><rpCntInfo><cntPhone><voiceNum Sync="TRUE"/><faxNum Sync="TRUE"/></cntPhone><cntAddress><delPoint Sync="TRUE">5-33 Hill St</delPoint><city Sync="TRUE">Belfast</city><adminArea Sync="TRUE">Antrim</adminArea><postCode Sync="TRUE">BT1 2LA</postCode><country Sync="TRUE">gb</country><eMailAdd Sync="TRUE">rhonda.robinson@doeni.gov.uk</eMailAdd></cntAddress></rpCntInfo><role><RoleCd Sync="TRUE" value="007"/></role></idPoC><dataExt><geoEle xmlns=""><GeoBndBox esriExtentType="search"><exTypeCode Sync="TRUE">1</exTypeCode><westBL Sync="TRUE">-8.003260</westBL><eastBL Sync="TRUE">-5.436490</eastBL><northBL Sync="TRUE">55.307194</northBL><southBL Sync="TRUE">54.051270</southBL></GeoBndBox></geoEle></dataExt><idPurp>A polygon data set showing the boundaries of protected historic parks, gardens and demenses in Northern Ireland.</idPurp><idCredit>Historic Environment Division, Department for Communities</idCredit><searchKeys><keyword>Historic Parks and Gardens</keyword><keyword>Historic</keyword><keyword>Parks</keyword><keyword>Gardens</keyword><keyword>Demesnes</keyword><keyword>Environment</keyword><keyword>Archaeology</keyword></searchKeys><tpCat><TopicCatCd value="016"/></tpCat><tpCat><TopicCatCd value="007"/></tpCat></dataIdInfo><metainfo><langmeta Sync="TRUE">en</langmeta><metstdn Sync="TRUE">FGDC Content Standards for Digital Geospatial Metadata</metstdn><metstdv Sync="TRUE">FGDC-STD-001-1998</metstdv><mettc Sync="TRUE">local time</mettc><metc><cntinfo><cntorgp><cntper>Helen Murphy</cntper><cntorg>NIEA: Built Heritage</cntorg></cntorgp><cntaddr><addrtype>mailing and physical address</addrtype><city>Belfast</city><state>N.Ireland</state><postal>BT1 2LA</postal><address>Waterman House</address><address>5-33 Hill St</address></cntaddr><cntvoice>0044 28 90 543137</cntvoice></cntinfo></metc><metd Sync="TRUE">20110524</metd></metainfo><mdLang><languageCode Sync="FALSE" value="en"/><countryCode value="GBR" Sync="TRUE"/></mdLang><mdStanName Sync="TRUE">ISO 19115 Geographic Information - Metadata</mdStanName><mdStanVer Sync="TRUE">DIS_ESRI1.0</mdStanVer><mdChar><CharSetCd Sync="TRUE" value="004"/></mdChar><mdHrLv><ScopeCd Sync="false" value="005"/></mdHrLv><mdHrLvName Sync="TRUE">dataset</mdHrLvName><distinfo><resdesc Sync="TRUE">Downloadable Data</resdesc><stdorder><digform><digtinfo><transize Sync="TRUE">0.607</transize><dssize Sync="TRUE">0.607</dssize></digtinfo></digform></stdorder></distinfo><spdoinfo><direct Sync="TRUE">Vector</direct><ptvctinf><esriterm Name="Historic_Parks_and_Gardens20240410"><efeatyp Sync="TRUE">Simple</efeatyp><efeageom code="4" Sync="TRUE"></efeageom><esritopo Sync="TRUE">FALSE</esritopo><efeacnt Sync="TRUE">0</efeacnt><spindex Sync="TRUE">FALSE</spindex><linrefer Sync="TRUE">FALSE</linrefer></esriterm></ptvctinf></spdoinfo><spref><horizsys><cordsysn><geogcsn Sync="TRUE">GCS_TM65</geogcsn><projcsn Sync="TRUE">TM65_Irish_Grid</projcsn></cordsysn><planar><planci><plance Sync="TRUE">coordinate pair</plance><plandu Sync="TRUE">meters</plandu><coordrep><absres Sync="TRUE">0.000100</absres><ordres Sync="TRUE">0.000100</ordres></coordrep></planci></planar><geodetic><horizdn Sync="TRUE">D_TM65</horizdn><ellips Sync="TRUE">Airy_Modified</ellips><semiaxis Sync="TRUE">6377340.189000</semiaxis><denflat Sync="TRUE">299.324965</denflat></geodetic></horizsys><vertdef><altsys><altenc Sync="TRUE">Explicit elevation coordinate included with horizontal coordinates</altenc><altres Sync="TRUE">1.000000</altres></altsys></vertdef></spref><refSysInfo><RefSystem><refSysID><identCode Sync="TRUE" code="29902">TM65_Irish_Grid</identCode><idCodeSpace Sync="TRUE">EPSG</idCodeSpace><idVersion Sync="TRUE">7.6.4(9.2.0)</idVersion></refSysID></RefSystem></refSysInfo><spatRepInfo><VectSpatRep><geometObjs Name="Historic_Parks_and_Gardens20240410"><geoObjTyp><GeoObjTypCd value="002" Sync="TRUE"></GeoObjTypCd></geoObjTyp><geoObjCnt Sync="TRUE">0</geoObjCnt></geometObjs><topLvl><TopoLevCd value="001" Sync="TRUE"></TopoLevCd></topLvl></VectSpatRep></spatRepInfo><eainfo><detailed Name="Historic_Parks_and_Gardens20240410"><enttyp><enttypl Sync="TRUE">Historic_Parks_and_Gardens20240410</enttypl><enttypt Sync="TRUE">Feature Class</enttypt><enttypc Sync="TRUE">0</enttypc></enttyp><attr><attrlabl Sync="TRUE">FID</attrlabl><attalias Sync="TRUE">FID</attalias><attrtype Sync="TRUE">OID</attrtype><attwidth Sync="TRUE">4</attwidth><atprecis Sync="TRUE">0</atprecis><attscale Sync="TRUE">0</attscale><attrdef Sync="TRUE">Internal feature number.</attrdef><attrdefs Sync="TRUE">Esri</attrdefs><attrdomv><udom Sync="TRUE">Sequential unique whole numbers that are automatically generated.</udom></attrdomv></attr><attr><attrlabl Sync="TRUE">Shape</attrlabl><attalias Sync="TRUE">Shape</attalias><attrtype Sync="TRUE">Geometry</attrtype><attwidth Sync="TRUE">0</attwidth><atprecis Sync="TRUE">0</atprecis><attscale Sync="TRUE">0</attscale><attrdef Sync="TRUE">Feature geometry.</attrdef><attrdefs Sync="TRUE">ESRI</attrdefs><attrdomv><udom Sync="TRUE">Coordinates defining the features.</udom></attrdomv></attr><attr><attrlabl Sync="TRUE">REF_NO</attrlabl><attalias Sync="TRUE">REF_NO</attalias><attrtype Sync="TRUE">String</attrtype><attwidth Sync="TRUE">10</attwidth><atprecis Sync="TRUE">0</atprecis><attscale Sync="TRUE">0</attscale></attr><attr><attrlabl Sync="TRUE">SITE</attrlabl><attalias Sync="TRUE">SITE</attalias><attrtype Sync="TRUE">String</attrtype><attwidth Sync="TRUE">50</attwidth><atprecis Sync="TRUE">0</atprecis><attscale Sync="TRUE">0</attscale></attr><attr><attrlabl Sync="TRUE">CRITERIA</attrlabl><attalias Sync="TRUE">CRITERIA</attalias><attrtype Sync="TRUE">String</attrtype><attwidth Sync="TRUE">10</attwidth><atprecis Sync="TRUE">0</atprecis><attscale Sync="TRUE">0</attscale></attr><attr><attrlabl Sync="TRUE">COUNCIL</attrlabl><attalias Sync="TRUE">COUNCIL</attalias><attrtype Sync="TRUE">String</attrtype><attwidth Sync="TRUE">50</attwidth><atprecis Sync="TRUE">0</atprecis><attscale Sync="TRUE">0</attscale></attr><attr><attrlabl Sync="TRUE">CF_HB</attrlabl><attalias Sync="TRUE">CF_HB</attalias><attrtype Sync="TRUE">String</attrtype><attwidth Sync="TRUE">254</attwidth><atprecis Sync="TRUE">0</atprecis><attscale Sync="TRUE">0</attscale></attr><attr><attrlabl Sync="TRUE">CF_SMR</attrlabl><attalias Sync="TRUE">CF_SMR</attalias><attrtype Sync="TRUE">String</attrtype><attwidth Sync="TRUE">254</attwidth><atprecis Sync="TRUE">0</atprecis><attscale Sync="TRUE">0</attscale></attr><attr><attrlabl Sync="TRUE">Grade</attrlabl><attalias Sync="TRUE">Grade</attalias><attrtype Sync="TRUE">String</attrtype><attwidth Sync="TRUE">25</attwidth><atprecis Sync="TRUE">0</atprecis><attscale Sync="TRUE">0</attscale></attr><attr><attrlabl Sync="TRUE">Shape_Leng</attrlabl><attalias Sync="TRUE">Shape_Leng</attalias><attrtype Sync="TRUE">Double</attrtype><attwidth Sync="TRUE">19</attwidth><atprecis Sync="TRUE">0</atprecis><attscale Sync="TRUE">0</attscale></attr><attr><attrlabl Sync="TRUE">Shape_Area</attrlabl><attalias Sync="TRUE">Shape_Area</attalias><attrtype Sync="TRUE">Double</attrtype><attwidth Sync="TRUE">19</attwidth><atprecis Sync="TRUE">0</atprecis><attscale Sync="TRUE">0</attscale><attrdef Sync="TRUE">Area of feature in internal units squared.</attrdef><attrdefs Sync="TRUE">Esri</attrdefs><attrdomv><udom Sync="TRUE">Positive real numbers that are automatically generated.</udom></attrdomv></attr></detailed></eainfo><mdDateSt Sync="TRUE">20240410</mdDateSt><mdContact><rpIndName>Helen Murphy</rpIndName><rpOrgName>NIEA</rpOrgName><rpPosName>Data Co-ordinator</rpPosName><rpCntInfo><cntAddress><delPoint>5-33 Hill St</delPoint><city>Belfast</city><country>gb</country><adminArea>Antrim</adminArea><postCode>BT1 2LA</postCode><eMailAdd>helen.murphy@doeni.gov.uk</eMailAdd></cntAddress></rpCntInfo><role><RoleCd value="002"/></role></mdContact><dqInfo><dataLineage><statement>The resourse was digitsed by hand at 1:5000 scale, from the original paper maps used to designate the boundaries.</statement></dataLineage><dqScope><scpLvl><ScopeCd value="005"/></scpLvl></dqScope><dqReport><DQDomConsis><measResult><ConResult><conPass Sync="TRUE">1</conPass><conExpl Sync="TRUE">See the referenced specification</conExpl><conSpec><resTitle Sync="TRUE">Historic Parks and Gardens</resTitle><resRefDate><refDate Sync="TRUE">20110511</refDate><refDateType><DateTypCd value="003"/></refDateType></resRefDate></conSpec></ConResult></measResult></DQDomConsis></dqReport></dqInfo></metadata>
